customer_id,f_name,l_name,phone_number,birthday,gender,email
7555636,Adam,Rodriguez,001-722-696-7824x842,2020-03-13,M,hardingsusan@example.com
3322331,Sarah,King,001-477-548-1186x2079,2000-12-04,F,xmiller@example.org
1326857,John,Freeman,930-690-9857,1975-09-12,F,bskinner@example.org
7024309,Erin,Lawrence,305.490.6228x3852,1971-09-13,X,iduran@example.com
6566021,Katie,Hall,(679)475-2948x977,2016-07-21,M,tammyhiggins@example.net
6249484,Hannah,Henderson,457-470-7929x22837,2002-04-23,F,neil66@example.com
6952483,Jared,Johnson,987.452.0896x439,1983-01-01,F,michaelbeck@example.org
4301259,Larry,Beard,781-532-9667x4996,1982-12-04,F,hunter36@example.org
9913871,Troy,Castillo,(375)613-9019x151,2022-11-17,M,ishields@example.org
4938485,Jorge,Watkins,+1-797-932-6363x4779,1993-07-20,X,stephanie58@example.com
9050271,Greg,Patel,215-318-5789x7210,1991-01-08,F,kerriconway@example.net
3594962,Chad,Watson,623.619.1696,1974-09-13,M,nathan53@example.com
5539730,Laura,Williams,(410)593-0533,1981-03-03,M,jwatson@example.net
1994480,Alexander,Kirk,633.926.8404x565,1995-06-19,M,jennifer84@example.net
5755248,Alicia,Lang,984.359.3942,2009-02-24,M,gcastillo@example.net
1830212,Kimberly,Rhodes,745-681-1914x17774,2004-12-16,F,devin77@example.org
6753567,Nathan,Bowman,(699)926-2119x658,1976-12-02,M,taylorcourtney@example.com
7122786,Diane,Murray,(306)717-0681,1999-10-06,M,goodwindebra@example.net
1955155,Sandra,Thomas,319.754.0530x126,1990-10-10,X,rjennings@example.com
6194916,Ryan,Palmer,+1-522-769-5097x7281,1996-05-18,M,kyle35@example.com
3638779,Michael,Smith,8596981958,2007-03-18,M,nbaker@example.net
7036586,Theresa,Scott,001-693-912-2842,2016-04-21,F,cartertimothy@example.com
6616012,Danielle,Fowler,+1-220-963-8128,1993-07-15,F,milesanthony@example.com
8458530,Bobby,Mckinney,459-894-3361,1983-03-18,F,umurray@example.net
3064376,Jacqueline,Oneal,992-629-4669,2014-05-08,M,kevinelliott@example.com
9639110,Jose,Dorsey,001-619-519-9485x29399,2023-05-06,M,elaine61@example.com
7146010,Martin,Rivera,762-753-3630x42444,2021-12-27,F,jerry49@example.net
6565569,Kevin,Alvarez,715.562.4416,2004-06-04,M,amybrooks@example.org
3481775,Karen,Adkins,(581)419-8858,1991-07-21,F,smithcaroline@example.com
9800471,Tammy,Davis,706-910-7159x4303,2007-11-21,F,perezjoan@example.com
2281586,Derek,Harrison,+1-884-619-4421x958,1982-12-13,M,waltonpaul@example.net
7864466,Christine,Hoffman,818-797-5055x63039,1978-06-10,M,watkinsmichael@example.net
1652182,Brian,West,001-492-386-0042x68818,2006-04-23,F,shawn22@example.org
1732264,Shane,Petersen,612.594.7085,2002-07-28,M,cynthia23@example.com
455836,Melissa,Robinson,730.810.5633,2001-09-14,M,harrishenry@example.com
7961493,Rachael,Martin,7528698199,2022-08-31,M,gbutler@example.com
3093756,Jonathan,Brown,001-844-959-5230x6289,2007-12-20,F,goodwinjoseph@example.com
2027188,Rodney,Harris,(233)837-3265,2001-09-25,F,drogers@example.net
9784519,Rebecca,Carter,7996403088,1982-07-13,X,kmclean@example.com
712991,Jay,Carlson,333-390-8584,1980-12-24,F,howardkevin@example.com
6113251,Joshua,Clark,(947)289-2225,1981-06-26,F,sheila23@example.net
4731039,Stacey,Daniels,234.454.2848x345,2003-01-25,F,joel04@example.com
646076,Cheryl,Snow,+1-562-747-4446x10620,1975-08-23,M,elizabethmiller@example.net
4542381,Phillip,Lopez,001-474-528-7925x2451,2004-07-07,M,qmcdonald@example.net
8622175,Leslie,Morrison,+1-977-527-1415,2001-10-19,M,jessicatate@example.net
1697315,Cole,Montoya,502.571.3446x718,2010-03-06,F,qdalton@example.com
2242935,Ellen,Cordova,+1-579-259-6757x410,2007-06-19,F,garciapaul@example.net
6171125,Robert,Perez,001-411-754-4742x6567,2020-01-18,M,ksmith@example.com
4682808,Thomas,Kent,+1-750-752-0571x813,2012-12-28,F,nwagner@example.net
2941547,Daniel,Townsend,001-536-671-8740,1988-02-23,M,merrittandrew@example.com
8125264,Michaela,Vazquez,001-793-757-7561,2015-04-10,M,amandaanderson@example.net
2179715,Micheal,Castaneda,402-744-9928x986,2013-08-25,F,phobbs@example.org
3569618,Mary,Vega,(663)463-9311,2020-09-23,M,xelliott@example.org
3686914,Linda,Wong,001-777-891-8459x421,1999-05-18,M,willieboone@example.com
8861079,Angela,Foley,(240)639-0896,1980-03-18,M,kramermatthew@example.com
4077263,Bailey,Gomez,+1-213-235-8739,2010-12-12,F,kennethrowe@example.org
8685571,Kristina,Burns,+1-416-355-9477,1982-07-10,M,oalexander@example.net
59043,Brent,Day,+1-365-506-2827x663,2011-11-17,M,longandrea@example.net
1707182,Janet,Randolph,647-313-5779x258,1994-07-28,F,brittney02@example.com
9843778,Julie,Howard,720-403-8615,2002-09-06,F,tbenjamin@example.org
1641658,Michele,Carpenter,839.566.0146,1997-03-18,M,martinezgregory@example.com
6634949,Bernard,Howe,489-651-3956x131,1990-04-02,F,nicholsongina@example.com
2091442,Tiffany,Bryant,2637111487,2015-08-27,M,christopherphelps@example.org
3816840,Dawn,Glover,537-727-1186,2001-01-12,M,vrobinson@example.net
2124973,James,Anderson,984-258-2775,1985-06-13,X,loritrujillo@example.org
7220750,David,Gonzalez,9038006507,1980-05-19,M,bmiles@example.com
6160706,Jason,Robertson,896-208-8863,1992-10-16,F,jakekrueger@example.com
4594837,Marcus,Jones,614.290.8658x227,2021-09-26,F,fmaldonado@example.org
759411,Jeremy,Phillips,(846)686-0715x05813,2021-04-01,M,abigailweber@example.org
3958008,Travis,Cross,(870)927-6485x66557,2022-06-05,M,williamsvirginia@example.net
2313414,Rachel,Lewis,+1-276-536-3026x68067,1981-09-21,M,douglas96@example.org
2208820,William,Jenkins,4648462360,1997-07-05,M,kperry@example.org
6302044,Stephen,Murillo,9015309608,1979-04-12,M,rlewis@example.com
231161,Stephanie,Carrillo,3818078715,1978-11-18,M,lmorgan@example.net
7929803,Jesse,Osborne,334.488.0046,2025-08-03,M,vdixon@example.org
3753937,Richard,Strong,+1-849-262-4867x696,1982-06-27,F,carterheather@example.org
1848625,Christopher,Hubbard,983.207.0693x445,2021-08-30,F,briangood@example.org
6115056,Heather,Gray,6158897632,1992-09-01,M,jessica50@example.net
9943756,Joseph,Singh,001-457-775-6472x523,2016-04-20,M,stewarttaylor@example.com
4262329,Matthew,Taylor,(379)965-0339x2952,2013-03-07,F,susanstephens@example.net
2496204,Joyce,Gardner,3793325258,2016-01-26,F,adamfox@example.org
8802003,Elizabeth,House,+1-241-353-6674x110,2002-12-03,M,jamiehunter@example.com
402820,Grace,Walker,(826)854-6749,2016-02-26,M,tinakline@example.org
320977,Amanda,Harper,536-292-9383,1984-09-24,F,jennifer83@example.org
9764628,Amy,Miller,3136526029,2013-08-20,M,kimberlypeterson@example.net
8317866,Nicholas,Franklin,(411)272-5711x0168,1977-11-05,F,slucas@example.com
7542758,Jessica,Allen,522.306.3299x1091,1970-01-15,M,lcamacho@example.com
9049687,Jack,Lester,671.462.4464,2011-11-11,M,mreid@example.org
2522940,April,Black,6606316129,2014-08-12,M,michael76@example.com
4001583,Jeremiah,Mullins,222.454.0068,2017-01-27,M,shaunrodriguez@example.net
4406333,Dean,Dominguez,379-424-0700,1979-02-08,M,smithkara@example.net
9508758,Lisa,Macdonald,2163944711,1972-02-28,F,angelarobinson@example.net
809243,Samantha,Morris,872-645-3082x366,1986-06-30,F,louis85@example.com
9460379,Aaron,Barrett,+1-902-541-6990x5281,2000-12-03,M,gregorymaddox@example.org
2201615,Paul,Pittman,444-856-5402,2018-09-05,F,rowlandjohnny@example.com
4802088,Tyler,Bell,+1-326-520-9564,2005-02-18,F,ramoserin@example.net
7632256,Deborah,Hughes,+1-360-794-5944,1985-03-03,M,brianhill@example.net
24369,Denise,Lynn,968.716.0851,1977-06-25,M,benjamin98@example.org
3675772,Jeffrey,Norman,571.982.7446x95691,1977-04-15,M,kathycole@example.com
3384274,Timothy,Shelton,(609)565-8991,1999-03-13,M,alleneugene@example.net
5472192,Katelyn,Wilson,001-433-855-6676x04830,1976-08-31,M,qrichardson@example.net
4473919,Kayla,Martinez,705-290-7991x1185,1982-02-13,F,valeriewilkerson@example.com
6409532,Frank,Williamson,224.906.5811x3973,2007-11-22,M,xrivers@example.com
4484589,Roy,Baxter,755.524.6065x658,1995-02-11,F,christopher24@example.com
4741869,Tina,Massey,337.572.7373x199,2005-05-28,M,williamhuynh@example.net
4875041,Taylor,Golden,001-747-341-7746,1987-05-23,M,grobles@example.org
4709668,Willie,Cox,482-312-2525,1986-11-11,M,joshua80@example.net
3033906,Christina,Rios,695.311.7359,1982-11-02,F,mmccoy@example.net
9669668,Emily,Moses,+1-612-289-6160x4630,2003-01-31,M,mbrown@example.com
6291133,Anthony,Torres,265-325-8319x526,1989-01-10,M,clintonhernandez@example.org
2701229,Sean,Garcia,986-819-7188x4366,2009-07-20,M,robertramirez@example.com
4889458,Cynthia,Hodges,001-230-949-2070x395,1989-11-18,M,tracymartinez@example.com
3990065,Brenda,Hester,001-868-635-2262,2018-03-29,F,christine62@example.com
7035545,Tasha,Campbell,8224304644,2013-05-22,M,catherine12@example.net
6542131,Roger,Bryan,451-721-3867x795,1989-10-25,M,michael49@example.com
2507341,Kristine,Nichols,(488)741-2485,1971-03-18,M,jason05@example.com
9446739,Stacy,Sanders,(298)751-4990x027,1998-06-16,F,bclark@example.com
2084936,Maria,Love,433-724-3933,2021-03-09,X,walkerkimberly@example.org
8284446,Andrea,Boyd,001-639-623-0829x6604,1993-04-13,M,zramirez@example.net
9152555,Whitney,Santos,+1-791-664-6789x184,2023-04-15,M,christine44@example.net
2046605,Jacob,Moore,(481)766-9940,2001-01-11,M,lisa72@example.com
8996684,Ricky,Stokes,(907)392-5920x796,1999-10-18,F,kwilliams@example.org
9737029,Roberto,Dixon,(606)855-8467,2009-03-24,F,glennharris@example.net
3848626,Shelley,Mcgrath,+1-553-814-3597x68725,1975-01-04,F,huffmanapril@example.com
3536566,Erik,Kirby,+1-578-380-3215x0267,1976-08-25,F,jordanbrittney@example.com
4439487,Alvin,Guerra,532-971-7987,1979-05-17,M,samuel66@example.net
4921580,Jeanne,Hood,(999)357-0582x0557,1971-04-02,F,jennifer13@example.org
8391466,Suzanne,Hoover,001-833-550-5164x79828,2024-02-03,M,aking@example.org
4598402,Donna,Bartlett,578.608.6073x426,2000-01-02,F,christophercastro@example.org
1001597,Brittney,Neal,777-529-6457x74554,2024-11-26,M,dgilmore@example.org
363044,Samuel,Willis,+1-680-653-1690,2012-05-01,M,sierraelliott@example.com
9646498,Steven,Payne,7543585021,2004-06-10,M,rbarrett@example.org
4607995,Brad,Mcdonald,538-263-4232x2971,1988-05-21,M,toddpowers@example.net
4646413,Courtney,Pearson,805-633-8563x11062,1992-06-28,M,ashleyreynolds@example.org
2092147,Vanessa,Simpson,907-532-9609x6904,1988-05-08,F,emilyporter@example.com
9861854,Colin,Wallace,+1-876-665-4569,1973-06-19,F,dana38@example.net
5233634,Tracy,Burgess,+1-756-293-4546x7719,1971-05-21,M,sparksjudith@example.net
3956186,Kyle,Hickman,+1-469-696-1677,2021-06-14,M,whall@example.org
5885829,Erika,Pennington,454-280-5921x0844,2024-12-02,M,thomasfisher@example.net
8601531,Chelsea,Gaines,(597)678-1290x48154,1996-02-20,M,reeddawn@example.com
2703562,Edward,Ponce,001-432-417-9036x26276,2023-05-08,F,thowell@example.org
1609841,Deanna,Thompson,(271)426-3610,2008-10-31,F,jennifermaldonado@example.org
8980523,Molly,Page,7659076202,1983-01-03,M,aguilarjacob@example.com
6998316,Alexandra,Nunez,834.274.3181x97896,2000-05-14,F,lholmes@example.net
3223733,Arthur,Gregory,(956)517-1480,1987-01-19,F,mitchellkatherine@example.org
8467621,Mike,Watts,(362)819-8096,1970-05-20,F,john06@example.com
3723421,George,Reyes,(715)393-3659x009,1971-07-21,M,ovaughn@example.org
8452928,Ralph,Vargas,681-588-8088,2011-06-17,F,higginsvalerie@example.com
243172,Terri,Webb,450-269-2666x032,2025-04-30,M,staceymerritt@example.net
9093728,Nathaniel,Levine,(863)634-8270x5081,1997-08-19,F,igraham@example.org
5896645,Catherine,Adams,(595)569-9461,2014-09-15,M,loganmoore@example.net
5743725,Andrew,Hill,(260)914-4484,2021-04-16,X,michael97@example.net
6088512,Kendra,Pierce,999-855-7608,1996-09-11,F,elizabethsanchez@example.org
9318360,Shirley,Delacruz,383-672-3507,1973-08-18,F,thomaslisa@example.com
4305362,Chase,Hart,8112904191,2024-11-25,M,blackanthony@example.net
4096047,Jennifer,Cochran,001-615-646-4541x758,2009-04-25,M,leahlopez@example.com
6772118,Mark,White,001-726-732-8491x6215,1988-03-26,F,davidrussell@example.com
8152423,Alexis,Ware,+1-906-267-0701x9557,2011-01-22,F,kristinsmith@example.com
7680652,Zachary,Hernandez,(438)219-1719x472,2002-11-14,F,tanner51@example.com
6572855,Barbara,Powell,(981)302-1041x318,2004-03-25,M,johnsonbonnie@example.net
6103659,Cody,Warren,(518)318-6082,1999-04-07,F,paulamorris@example.org
5978640,Susan,Cohen,001-512-580-6597x275,2013-04-08,M,rebecca85@example.net
2003599,Megan,Kelley,001-256-417-9172x847,2021-06-18,M,kimberly87@example.org
3499392,Kaitlyn,Ortega,5842087700,1972-08-29,F,leejason@example.net
2393239,Carl,Zhang,568-772-4981x159,1974-09-06,F,joseph88@example.org
2653914,Carol,Davila,499-817-9088,1974-10-21,F,christopher02@example.net
5174687,Lori,Camacho,337-544-3203x437,2021-01-14,M,dpatterson@example.org
3568601,Natasha,Jackson,308-927-5437x2252,1982-08-19,M,luke10@example.org
1907467,Russell,Gillespie,7928812401,1972-01-27,M,oporter@example.com
9000898,Bryan,Shannon,001-812-910-9775x40012,1996-12-10,F,jasonstanley@example.net
582877,Michelle,Weber,747.394.3840x291,2003-03-29,F,keyaustin@example.org
3065616,Kathryn,Henry,943.877.1809x396,1993-08-22,M,solomonsamuel@example.com
1536566,Chris,Hinton,202.655.4769x3929,1984-10-10,F,hpeterson@example.com
8418254,Patricia,Jensen,001-644-327-6854x77109,2013-03-24,F,olarson@example.com
3545763,Nicole,Bruce,001-690-657-5365x2420,1982-07-02,M,pjones@example.org
6260595,Natalie,Jordan,(729)802-0662,2023-01-16,M,wpatterson@example.net
3789138,Craig,Rice,721-485-5335,2025-01-03,M,maryholloway@example.org
9569662,Jeffery,Banks,(639)826-1131,1987-06-30,F,andrewdelgado@example.net
9925715,Lindsay,Snyder,+1-580-392-1445x03706,1975-07-14,M,curtis28@example.net
8733442,Cassidy,Gordon,+1-607-333-1220x742,2011-09-08,F,kendra41@example.net
5658509,Ronald,Romero,515-792-0216,2016-09-09,M,spencervictoria@example.net
4328083,Gregory,Carney,829-465-4293x715,2009-11-17,F,fergusontimothy@example.com
6064295,Katherine,Bass,923-615-7124,1974-03-22,M,ktorres@example.com
8226080,Cameron,Kelly,466-558-4844x240,1985-02-13,X,sarah43@example.com
6020383,Tanya,Edwards,450-410-9438x49114,1980-07-21,F,wfry@example.com
1691360,Scott,Marquez,001-325-750-1278,2004-01-11,M,crystal59@example.com
5675152,Louis,Werner,001-925-763-9904x47302,1999-06-12,M,zbarrett@example.net
5283248,Raymond,Hardin,535-433-8316x215,2013-09-05,M,jeffreyhodge@example.com
1464103,Eric,James,(538)813-3750,2018-03-23,M,lhernandez@example.net
3407193,Malik,Young,001-213-979-0095x8180,2020-09-06,M,garciajennifer@example.net
5632929,Sara,Garrett,9728605949,1971-12-24,M,nburns@example.com
2606799,Marilyn,Buck,001-449-412-6846,1974-12-20,M,jimmy90@example.org
3163628,Isaac,York,(612)490-8267x7099,2012-01-27,F,banderson@example.com
7129365,Renee,Stevens,262-792-3262x58282,2000-04-30,M,xmurray@example.net
2445584,Anita,Nelson,+1-505-996-1521x04226,1991-09-05,M,chopkins@example.net
9554740,Edgar,Beck,240.586.1237x3460,1983-05-17,F,quinnemily@example.org
7474768,Adrienne,Doyle,(342)851-1859,2004-11-29,M,vbrandt@example.net
6307751,Brandon,Lara,+1-887-459-9392,1996-08-18,F,michelle78@example.com
9580424,Wayne,Maldonado,2019647055,1972-08-26,M,hannahfisher@example.com
748903,Glenn,Gutierrez,474.457.9682x57137,2002-10-29,M,smithdavid@example.org
7816341,Madison,Kemp,+1-532-978-9807x622,1990-07-11,M,emilyford@example.com
5559646,Reginald,Suarez,(628)788-2367,2014-11-02,M,lauriemorrow@example.org
4103199,Shannon,Salas,581-951-6688,1985-03-11,F,longrussell@example.org
4851736,Sheena,Avery,001-950-307-6161x0504,2003-01-30,M,williamslaura@example.net
1790051,Paula,Garza,4066436977,2002-11-11,F,vancevanessa@example.net
4012070,Lauren,Mclaughlin,001-577-217-2833x402,2018-12-21,F,cortezlisa@example.net
3471046,Ashley,Armstrong,001-612-266-9526,2021-10-18,M,fkidd@example.org
165745,Sherry,Butler,+1-896-720-0508x26637,1991-05-06,F,sarah10@example.com
755567,Darrell,Ellis,+1-377-759-1606x901,2000-05-11,M,reedsusan@example.net
7007284,Debbie,Oconnell,001-296-593-5860,2009-11-23,F,qwatson@example.org
1814129,Mackenzie,Garner,463-821-4849x28617,1997-11-03,F,jroberts@example.net
1562034,Allison,Patton,615.913.5016,2006-02-27,M,david08@example.com
6263819,Yvonne,Estrada,897-493-1588x9087,2022-09-19,F,cartermichael@example.com
8672243,Todd,Yates,701.870.2165x7172,2013-11-16,M,knightsarah@example.org
7842587,Cathy,Christian,001-302-770-8425x363,1974-10-15,F,kthompson@example.com
9206362,Austin,Shields,(823)864-9444x711,2014-03-07,F,ariasjohn@example.org
166394,Miranda,Pratt,(209)471-6614,2016-05-02,F,randallriley@example.com
7324268,Kellie,Rogers,+1-283-881-5416,1979-05-15,M,ashley48@example.com
2635819,Charles,Velez,+1-887-220-4649,1991-04-16,M,simmonsmatthew@example.com
7986651,Sierra,Hogan,001-644-571-0386,2022-05-13,F,imejia@example.net
4458365,Cory,Berry,(381)636-4470x998,1995-11-04,M,nathaniel97@example.net
7045246,Teresa,Hawkins,239-592-0793x31937,1995-11-14,F,kristen87@example.net
1039926,Jonathon,Bailey,(416)355-9805,2021-12-15,M,theresadavis@example.net
2890858,Julia,Shaffer,001-645-373-1903,2013-10-28,F,xsmith@example.com
1490918,Mitchell,Combs,674.587.6596,1984-05-04,M,nwilliams@example.org
779664,Pedro,Mccarthy,+1-235-286-9281x5456,1990-05-08,M,nicholashicks@example.com
5644859,Kaylee,Ray,001-357-624-9454x53516,1998-01-20,M,maxwelldeanna@example.com
3251799,Holly,Arroyo,6677761893,1982-08-22,M,rogerskimberly@example.com
3352819,Kirsten,Schmitt,+1-244-752-1278x77985,2003-11-08,F,mbrown@example.net
7654555,Shelly,Byrd,437-205-3290x780,2017-11-21,M,heidi50@example.org
888231,Marie,Barber,(806)643-4817x125,2007-04-14,F,pleonard@example.com
2078021,Lawrence,Klein,581-857-7050x8960,1975-12-24,F,bbarnes@example.net
1975355,Madeline,Sandoval,739.678.7550x467,2011-10-15,M,matthew50@example.org
535216,Johnny,Schultz,001-567-511-0470x68047,1992-08-21,M,mitchell90@example.net
5420969,Olivia,Lee,+1-605-561-0631x2845,1982-08-11,F,smithjoseph@example.com
6330970,Joann,Hunter,781.203.3217,2005-03-05,F,jonathan71@example.net
9748076,Carla,Ford,345-613-2589x590,2010-01-04,M,christopherwilliams@example.net
823517,Katrina,Clayton,(544)630-6182x258,1999-03-16,X,waltonamber@example.org
5096544,Peter,Spencer,670-398-7687,2013-08-24,F,sturner@example.org
4828078,Victor,Ferguson,615.266.3230x1454,2019-01-17,M,shannonthomas@example.org
6030296,Charlene,Mueller,880-485-7621,2004-11-28,M,wyattwilliams@example.net
308451,Glenda,Gibbs,257.887.3893x5608,1997-02-17,F,burnscarly@example.net
6466679,Victoria,Nash,(729)440-1620,1978-11-21,F,stephanie20@example.net
1718727,Ann,Kennedy,+1-803-881-8740x7290,2012-06-27,F,brittany98@example.org
1760310,Gary,Sanchez,(423)911-5516,2011-03-11,F,dakotamason@example.net
9564878,Carlos,Skinner,894-552-9172,2009-07-31,F,thompsondavid@example.org
8974730,Shawn,Marks,352-671-0182x95983,1990-05-15,F,melindagreen@example.com
978415,Alyssa,Jimenez,(380)433-2307,2021-08-05,F,brookspatrick@example.net
626085,Ray,Wright,001-794-946-2914x15165,1989-04-14,M,lpham@example.net
4748633,Monica,Boyer,879.435.7118,1983-02-24,F,rodneymurphy@example.com
5558589,Joel,Powers,(743)767-2671x44405,1995-02-05,F,xhansen@example.org
7825197,Vincent,Novak,842.660.2857x967,1971-01-26,M,owilson@example.com
1611662,Bryce,Todd,(815)857-1791x9318,1987-08-07,M,arobbins@example.net
8115101,Destiny,Baker,466-906-5999,2025-02-03,F,ashleechristian@example.com
653637,Valerie,Tanner,(778)454-6041,2014-11-11,M,williamskristen@example.com
4032626,Gerald,Long,(343)946-3885x1350,1982-05-11,M,henry66@example.org
9339648,Bradley,Knight,+1-371-207-9677x809,2013-05-18,F,jmiller@example.net
956501,Meagan,Alexander,(558)387-8560x280,1973-09-14,M,allenpeter@example.net
2223238,Misty,Stanley,343-542-9750x0657,1987-05-11,F,joseph61@example.org
2541539,Wendy,Salinas,+1-653-743-7962,1981-09-09,M,leemaria@example.net
7469768,Selena,Marsh,001-284-245-5245x647,2011-11-24,M,jason22@example.org
8479420,Henry,Fox,001-302-904-1117,1990-08-12,M,sherylwalker@example.net
4241625,Erica,Kim,948.547.3899x6323,1971-10-21,M,troytorres@example.com
3447180,Juan,Evans,001-337-599-1260x3460,1991-10-28,M,ryan44@example.org
6347825,Jon,Shaw,613.464.5627,2009-07-20,M,rpollard@example.com
8590480,Stanley,Macias,001-487-769-7098x106,1991-04-22,M,pmitchell@example.net
3168454,Wanda,Estes,+1-382-339-1119x4787,2008-02-13,M,jessica70@example.net
2431928,Brooke,Trujillo,+1-980-930-9953x076,2023-10-31,F,droberson@example.net
6409220,Sharon,Mcmahon,001-628-209-3531x2897,2009-06-19,F,johndavidson@example.com
9888421,Belinda,Herrera,+1-249-299-8842,2009-04-04,F,ugriffin@example.com
3287467,Oscar,Fisher,+1-361-357-3867,1974-01-11,M,michelle68@example.net
6593731,Ruth,Odom,462-806-9734,1991-09-30,M,zturner@example.net
5481809,Keith,Contreras,001-467-660-5160x08569,1992-04-18,M,oliviawong@example.com
7762044,Bruce,Buchanan,+1-931-203-0539x1260,1985-11-13,F,eoconnor@example.org
8378875,Patrick,Diaz,(927)543-1201,2023-06-19,M,adam38@example.com
7593407,Jodi,Hudson,299-823-8539x9810,1988-01-12,F,jennifer62@example.org
632936,Paige,Stewart,+1-977-516-1211x4542,1972-09-22,F,tcastillo@example.com
5924241,Anne,Lloyd,697-464-8812,2010-09-05,F,kenneththornton@example.org
9326426,Caleb,Frazier,(606)430-0451x2795,1970-10-05,F,harperjasmine@example.org
9615824,Tracey,Hale,647.633.0900x24574,2000-04-25,F,uhouston@example.org
1153417,Pamela,Erickson,281.326.7675x37737,2021-09-02,M,zcarey@example.net
4319157,Marisa,Newman,680-611-8403,2023-07-27,M,nortonsamantha@example.net
77290,Jasmine,Elliott,001-209-950-4523,1989-05-27,M,michael22@example.org
9801221,Sheryl,Aguilar,396.763.0598,2005-04-23,M,brianbrooks@example.com
9089849,Devin,French,718-390-9976x189,1998-11-19,M,wellslisa@example.com
4918318,Crystal,Cervantes,863-486-9127,2019-09-28,F,craig87@example.com
2051333,Angelica,Green,(786)627-8517x830,2011-11-21,M,walkerjames@example.org
4493195,Nancy,Owens,245-661-7624,2005-07-12,F,johnwalsh@example.com
466494,Kenneth,Roberts,001-555-723-0260,1987-09-08,M,savagehenry@example.org
2036072,Leroy,Parker,861-892-7227x8794,1998-07-23,M,loganmichelle@example.org
2276969,Hunter,Morgan,(738)805-1797,2015-04-15,M,laurabrady@example.com
7639169,Mandy,Jennings,001-338-583-8007x15552,1993-12-28,M,parksethan@example.org
3675880,Tony,Parrish,(888)543-9391x91065,1970-07-31,M,hollandantonio@example.net
8066582,Garrett,Walton,217.845.0915x471,1977-03-30,M,gregoryacosta@example.org
8476089,Kelly,Hines,(534)945-9079x6483,2013-05-07,M,ycummings@example.com
5179623,Jeff,Kline,241-221-8700x1371,2019-04-06,F,joypowell@example.net
8903729,Christy,Perkins,439-625-6097x8431,2008-11-24,F,irwinpatricia@example.net
1387656,Jamie,Barton,001-300-421-9344,2010-06-17,M,cwalter@example.com
7005320,Tami,Schaefer,+1-252-907-3548x9745,1974-05-15,F,jasonsmall@example.net
6126694,Brandi,Hurley,628-665-3486x817,1992-04-23,M,mferguson@example.net
3178592,Kathy,Fuller,+1-253-850-3415x77591,2013-11-01,M,fmatthews@example.net
4617347,Alan,Santana,001-864-369-5015x57354,1978-02-09,M,smitchell@example.com
5193457,Elijah,Gentry,+1-536-240-0943,2020-10-25,F,michael51@example.com
7346803,Sonya,Escobar,(494)486-9974x50476,2014-02-06,F,wilsonlindsay@example.net
2513451,Randy,Richardson,+1-551-966-5175x215,2013-03-08,F,lauren00@example.org
1906668,Clinton,Douglas,+1-332-205-9762x68887,2002-06-07,F,vbrown@example.net
2807805,Jeanette,Lawson,(763)670-6233x2653,1988-07-03,F,laurareid@example.com
2436325,Antonio,Collins,+1-589-570-8631x1529,1983-10-24,M,pamela12@example.org
3464025,Kelsey,Francis,982-279-8599,1987-07-25,F,christophercruz@example.org
263618,Abigail,Zamora,001-487-854-0151x6824,1976-09-17,F,bakermatthew@example.net
712043,Jill,Price,(759)771-9159x145,1984-10-27,M,marymorgan@example.org
1018369,Justin,Zimmerman,001-938-701-0967x5466,2020-04-30,F,xparks@example.org
1833050,Debra,Bradley,(255)385-2019,2022-08-30,F,smitchell@example.com
8652463,Alec,Griffith,(359)776-4781x910,1994-12-13,M,johnrhodes@example.com
8779105,Jerry,Hunt,(935)320-4648,2008-01-29,M,kristinmann@example.org
9960505,Stacie,Fitzpatrick,001-817-315-5062x522,2010-12-21,M,browndalton@example.net
9590811,Candace,Dennis,7439898796,1998-04-06,F,brett58@example.net
2598394,Carrie,Roach,624-880-2726x1053,1974-08-12,M,mollymoreno@example.com
6136470,Cindy,Cummings,337.881.0640x757,2015-10-07,M,agrant@example.com
5019969,Monique,Bray,(897)602-3152,2023-11-23,F,wrobertson@example.com
2731182,Caitlin,Harvey,217-315-1319,1988-08-24,M,wchen@example.org
4810951,Brandy,Jacobs,850.665.3650x35027,1979-08-13,M,garciabrittany@example.net
9707803,Lee,Logan,529.227.1181,1987-09-22,F,alishabell@example.net
9901611,Cassandra,Velazquez,(477)838-9711,2025-05-23,F,sherrydixon@example.com
8321838,Heidi,Giles,802-669-4264x9461,1986-03-30,M,timothy28@example.com
1924862,Dylan,Wiley,001-553-349-4819x01904,2005-06-01,F,mccallelizabeth@example.com
9085446,Zoe,Lynch,(283)474-0690x869,2003-05-25,F,yjackson@example.org
1957117,Meghan,Morales,001-886-213-3970,2004-10-29,M,washingtondebra@example.org
6307440,Johnathan,Yoder,001-961-502-8686x4131,1972-04-17,F,lisa26@example.org
4968988,Alejandro,Mcknight,2888372751,1999-05-09,M,maryjohnson@example.org
2878602,Connor,Wade,302-771-0758x72707,2013-01-10,M,maria82@example.org
4116582,Carolyn,Ross,001-669-800-6369x824,1991-04-15,M,richardsonlori@example.org
6370171,Autumn,Ramirez,+1-750-601-0145x4372,2009-04-14,F,howardcaitlin@example.net
6843997,Clarence,Warner,001-757-985-4793,1973-10-11,M,ericanewton@example.org
579,Colton,Wise,619-374-2770x80761,1985-06-23,F,gvargas@example.net
1804935,Steve,Valencia,(356)433-9200x04165,2017-03-03,F,pjohns@example.com
9850032,Frederick,Acosta,+1-386-209-5572x32718,1997-04-20,M,delliott@example.net
2414624,Andre,Friedman,3587946345,1994-02-03,F,jessica11@example.org
295225,Grant,Chaney,894-817-9024x9870,2008-09-30,M,udiaz@example.com
5773750,Gilbert,Morrow,001-292-413-2835,1995-10-17,F,benjamin76@example.net
4645065,Latasha,Yu,001-858-646-4687x6532,1983-12-28,F,kimberly44@example.net
6479957,Derrick,Campos,592.298.9956,2013-10-17,F,brownjanet@example.org
6608534,Jody,Guzman,430.739.9189x02896,2015-07-27,F,edwardcarpenter@example.net
6051521,Vernon,Casey,4115824837,2004-04-13,M,rebecca30@example.org
9118490,Rhonda,Patterson,434-502-2565,2002-07-21,F,joneskevin@example.com
6059330,Brianna,Conner,001-587-569-2539,2020-08-28,M,jimenezchristian@example.net
4171503,Jordan,Meza,(503)231-1288x3931,2003-11-25,F,rogersbrittany@example.org
2030096,Vicki,Stark,999.565.8106x6843,1976-11-07,M,kyle31@example.org
7170902,Janice,Mendez,322-686-2795x3134,2004-03-22,M,melissapowell@example.net
5241948,Lucas,Middleton,(659)947-8033x45435,1991-10-21,F,danielpierce@example.net
2368790,Kara,Dunn,8312641491,2013-12-22,F,christopherjones@example.org
65085,Krista,Cannon,+1-967-661-0758x1007,1999-01-03,M,jennabrewer@example.net
1008193,Devon,Johnston,001-590-469-3429x1188,2014-05-23,F,daniellawson@example.com
9649714,Anna,Leon,327-622-5822x703,1974-04-24,M,sarah64@example.org
7702090,Dennis,Villegas,633-438-2965x268,1984-08-10,M,hollysalazar@example.com
8719393,Beth,Peterson,7646095182,1988-08-28,M,curtiscollins@example.com
6547675,Damon,Davidson,+1-239-209-2461,1977-01-02,F,amalone@example.com
5318706,Gina,Becker,001-676-899-2027x694,2004-07-23,M,laragerald@example.net
5422187,Adrian,Turner,(213)222-2820,1971-08-15,M,garygreen@example.com
894508,Charlotte,Nguyen,(322)282-3818x174,1974-03-10,F,james44@example.net
7556556,Ronnie,May,250-955-7277,2017-07-26,F,janetliu@example.net
4860507,Joe,Mills,(226)770-6565,1998-07-13,M,jmack@example.org
9559614,Maureen,Mcgee,956.824.4008x44714,2010-07-30,F,adamssarah@example.org
9012028,Tom,Downs,672.819.1154x38307,2016-01-17,F,heather53@example.org
9807469,Robin,Mathis,(904)912-1355,2024-03-14,M,xgreen@example.com
6178154,Melody,Roman,(232)853-9114,2001-03-06,M,ashley86@example.net
7854297,Amber,Barnes,+1-954-462-4608,2004-03-08,F,danajones@example.net
2119152,Felicia,Huber,+1-734-814-1580,1980-05-16,F,smoreno@example.net
3318387,Curtis,Parks,+1-285-644-4298,2000-03-27,F,lindsay26@example.net
3251695,Shaun,Weaver,555.387.6750x63115,2003-07-16,M,dawsonwayne@example.com
9698295,Shari,Morse,001-292-582-7702,2007-02-16,M,qward@example.org
5122400,Clayton,Mejia,001-360-480-3036x664,2002-11-24,F,mary30@example.org
5978844,Donald,Montes,001-247-364-5077,1990-04-22,M,zhudson@example.net
1156722,Kristen,Woods,325.423.5639x061,1989-02-25,M,michele14@example.com
8496290,Bill,Reynolds,(981)387-2299x2635,2025-07-24,M,zfernandez@example.net
1173920,Kim,Wood,+1-211-636-4578x291,2006-03-04,M,dominguezjames@example.com
8517214,Dwayne,Mack,(738)917-7589,2003-10-19,F,smithmiranda@example.net
285070,Kristin,Washington,+1-676-412-1953x5148,1998-10-19,F,zcochran@example.net
415080,Norman,Sutton,607.969.5560x228,1995-08-13,F,crystal90@example.com
7044446,Albert,Graham,2367763510,1985-03-10,M,zsanchez@example.org
1699759,Dale,Miranda,(303)461-1976x457,2011-01-23,F,tgreen@example.com
3589223,Stefanie,Perry,001-293-756-1254x7688,2011-10-18,M,nicholas17@example.com
7291975,Colleen,Castro,+1-520-512-4597x6046,1999-10-07,F,maureen91@example.org
669068,Helen,Wang,001-392-603-0016,2017-02-06,F,dana68@example.net
8078313,Audrey,Chase,+1-283-690-8488x012,1979-10-30,F,jordanjulia@example.com
7558671,Tim,Pruitt,660.861.8796x03957,1993-01-22,M,sherri95@example.net
5752118,Rita,Cunningham,451-219-5915,2024-05-05,M,scoleman@example.net
8698185,Dana,Preston,(604)409-6120,1998-06-18,M,shane94@example.net
5038727,Marc,Alvarado,001-282-646-5065,1971-12-14,F,tiffanyfitzpatrick@example.com
909280,Herbert,Tucker,+1-383-737-7035x15841,2023-04-07,F,chernandez@example.com
4909767,Vickie,Mercado,001-308-241-8858x738,2000-07-12,F,rebecca04@example.org
3087522,Tonya,Moss,001-281-589-3699,1988-03-20,M,brittneydrake@example.net
3768584,Collin,Drake,(345)254-2581x112,1989-02-21,F,medinaalexander@example.com
8582306,Bonnie,Moreno,4635081879,2002-09-19,M,vasqueztamara@example.net
6659682,Diana,Munoz,684.576.6932x2820,1981-07-27,F,marshjulie@example.com
1438238,Dominic,Ward,001-639-843-4986x3335,1991-05-04,F,calvinfrancis@example.net
8896772,Tara,Christensen,+1-742-836-8270x973,1999-12-28,M,frank39@example.net
2574343,Noah,Khan,+1-286-958-0622x66936,1996-08-27,F,brittanymartinez@example.com
3291266,Summer,Carroll,6402094203,1985-12-08,M,stephenli@example.com
207374,Joy,Joseph,6674836670,2005-09-13,F,deborah56@example.org
9256145,Nichole,Foster,763-577-2132x27245,2007-03-02,F,patelnatalie@example.com
1346357,Darren,Abbott,(629)724-2363x3075,2007-03-14,F,scottalvarez@example.org
7225222,Darlene,Frye,685.224.8624x846,2024-04-24,M,andrew04@example.net
4861589,Regina,Dillon,001-965-443-1290x83502,1972-01-08,M,amyhall@example.org
7767779,Adriana,Mccoy,(652)918-7358x49125,2007-04-21,M,salazardennis@example.org
7000795,Jean,Higgins,+1-283-539-4404x82650,1977-06-22,M,michael88@example.com
2887609,Mallory,Wiggins,789.442.1980x30964,2021-04-06,F,igray@example.com
6853717,Chelsey,Ortiz,305.478.3050x242,2020-01-30,F,michaelspencer@example.org
2128510,Angel,Cole,(688)347-3036,2007-09-10,M,xjohnson@example.net
8131975,Jesus,Bennett,815.543.8829x563,1992-10-23,F,joshuawilson@example.net
8865492,Marissa,Farley,+1-726-745-8703x7103,2016-08-16,M,veronicaparker@example.com
6136666,Luis,Andrews,427-747-1574,1995-07-13,M,lindsaycisneros@example.org
9525603,Veronica,Lutz,+1-513-724-3986x18315,2021-04-11,M,tammynichols@example.net
5922993,Melanie,Arnold,+1-886-450-1115x59615,1993-09-15,M,bradleyjohnson@example.org
2931982,Joanna,Daniel,(354)952-4823x037,1981-09-11,M,rodgersnicholas@example.com
1120,Douglas,Matthews,9933174464,1990-03-28,F,lindseyallen@example.com
2134257,Terry,Carr,(621)732-7432,2020-10-25,M,sarahthompson@example.net
2635850,Luke,Hicks,4069529116,1973-03-04,F,natashaford@example.net
5113726,Brittany,Cooper,777-578-3413x611,2009-03-18,M,donna01@example.net
1970339,Isabella,Manning,+1-771-645-6529x66516,2024-02-24,F,vnguyen@example.org
8104621,Bob,Mcneil,(421)848-3114x545,2011-10-16,M,daniel22@example.net
8846427,Dustin,Stephens,+1-375-452-5788x65926,2010-08-01,F,wilsonkenneth@example.com
3204520,Chloe,Vasquez,001-800-864-5150x658,1974-11-19,F,sarah87@example.com
7534571,Manuel,Boyle,+1-343-910-1447x203,1984-12-05,M,dmiddleton@example.org
2000377,Benjamin,Larson,+1-712-227-7621x3537,1998-12-13,F,conwaypatricia@example.org
8966797,Annette,Ayala,997.490.0345x5056,1996-12-22,M,vjohnson@example.com
693600,Don,Rowland,+1-265-765-3416,2008-03-10,F,pearsonelizabeth@example.com
6784220,Lacey,Lindsey,8148626939,1985-04-07,M,mortiz@example.org
802598,Philip,Bonilla,754-655-4322,2022-09-30,M,tammyorr@example.net
2918997,Glen,Shepherd,(792)711-4736x738,1986-08-03,F,whayes@example.org
2146235,Evan,Caldwell,(808)870-2041x964,2010-09-19,M,marygonzalez@example.net
7382440,Judy,Brock,990.568.7550x2120,2009-07-29,M,davismatthew@example.org
8569269,Bethany,Sellers,645-710-5322x342,2008-03-12,F,floresdavid@example.net
7667916,Hayley,Lamb,7192119289,2000-01-22,F,stewartdennis@example.com
1802479,Caroline,Conley,(617)390-4432,1999-11-02,F,dustinwoodward@example.org
7198591,Margaret,Mccormick,+1-467-543-1383,1972-07-31,M,richard75@example.com
9251117,Emma,Reeves,+1-725-498-0412x9160,2012-12-20,M,mmyers@example.com
813581,Sydney,Weiss,+1-381-750-9212x41988,1971-08-22,M,mfranklin@example.com
2691926,Claire,Simmons,389-226-6733x92529,1988-03-28,F,davisian@example.org
4655739,Alisha,Pitts,001-257-963-7249x72545,1989-03-05,M,jlogan@example.net
8780652,Eduardo,Flowers,739-234-4235,1985-12-12,M,bennettkimberly@example.com
9685358,Lynn,Short,924-387-3297,2020-02-02,M,kevin36@example.org
2995288,Kaitlin,Serrano,760-953-4789x493,2018-09-29,M,sabrina66@example.net
4292617,Sylvia,Chandler,001-216-396-9547x173,2017-07-15,F,michaelking@example.net
3685572,Candice,Peters,+1-858-303-5866,1995-07-05,F,matthewfleming@example.org
5160791,Tammie,Farmer,843.622.1160x1545,2012-08-27,F,sandraberry@example.com
6816687,Tamara,Harrington,787-999-6269x3664,2016-04-22,M,wongchristina@example.net
7189696,Priscilla,Cruz,705-848-3292x27152,1994-10-03,M,theodore33@example.net
6438132,Peggy,Fuentes,273-365-4306x63865,1997-09-18,F,david97@example.net
2740472,Phyllis,Horne,(692)265-3881x9288,2009-12-05,F,garnerseth@example.org
744830,Mckenzie,Newton,827-505-5971,1999-06-29,M,martinezsydney@example.net
2696354,Corey,Stout,001-584-788-8420x2177,2003-12-04,X,lmartin@example.net
4418801,Trevor,Cline,579-719-5486,2013-12-05,M,andrewolsen@example.org
994034,Leah,Gilmore,941-220-0675x867,2000-11-10,F,shelley92@example.org
8779786,Brett,Booth,622.427.2521x05226,2018-03-05,F,murilloamanda@example.org
5275057,Gabrielle,Goodwin,(962)956-5527x2232,1984-03-10,F,myersshawn@example.net
2656252,Cheyenne,Brewer,(991)443-9151,2015-04-26,F,watkinsrobert@example.org
4427810,Julian,Duncan,001-620-875-2672x197,1981-02-10,M,dritter@example.net
6422531,Martha,Huffman,7067832858,2018-05-02,M,jonesdeanna@example.net
2065505,Sheri,Schneider,001-599-861-5726x868,1975-01-05,F,imiller@example.com
7570803,Stuart,Yang,328.763.3180x706,2007-03-19,F,dominguezjason@example.net
1472871,Shelby,Mahoney,253-326-1875x97728,2002-04-25,M,nathanmorales@example.org
4760248,Lonnie,Moran,+1-627-629-3118x5680,1972-01-30,F,harrisonphilip@example.com
1405949,Bianca,Ali,841-306-0415x448,1990-03-02,F,thughes@example.net
3061749,Leon,Rojas,(664)650-2848x2752,1998-08-20,M,wsanchez@example.org
4685652,Morgan,Rich,412-532-2864,2018-06-14,F,brianhood@example.com
4817849,Melinda,Stone,001-634-949-9656x836,2004-05-13,M,crystalsmith@example.net
9012853,Lindsey,Mcdowell,(426)411-5292,2025-04-30,F,echen@example.net
9702941,Darin,Mathews,9207211669,2015-12-30,M,thomasdixon@example.org
3471392,Dorothy,Chan,(959)960-7125x893,1984-12-14,F,julietaylor@example.net
2787090,Isabel,Rivas,7806657579,2005-10-01,M,icrawford@example.org
9996683,Alejandra,Fields,767-945-7175,2009-07-25,F,john22@example.org
3906252,Dakota,Walter,001-370-486-3431x6137,2002-05-02,F,isaac98@example.org
4541751,Karl,Flynn,868-914-5192,2011-12-09,M,kathyrussell@example.com
1215928,Jenny,Kidd,640.374.5384x11633,1997-07-17,M,william42@example.net
9023527,Danny,Good,783.815.9981x05940,2017-04-18,M,randallshepherd@example.org
9960861,Evelyn,Shepard,366-877-5820,1998-09-09,F,powellcharlotte@example.org
7281888,Barry,Vaughn,(458)716-6541x362,2001-03-08,F,roger35@example.com
8958571,Laurie,Myers,320-530-3078,1999-06-10,F,wnguyen@example.com
4043418,Kirk,Hopkins,001-545-593-8037,1982-08-04,F,ashleyellis@example.com
8772800,Kristi,Frank,001-272-849-2847,2017-06-05,M,xmccall@example.com
5884760,Kerri,Ferrell,(259)974-0875x1338,1996-01-12,F,rlopez@example.com
6402216,Ian,Duffy,910-217-1749,1988-04-29,M,kingjoseph@example.com
1691444,Yolanda,Porter,(705)620-3897,1987-03-30,M,schroederjames@example.com
7009011,Christian,Garrison,954.982.2038x1078,1976-03-01,F,suttonjohn@example.net
3534151,Walter,Mcguire,249.241.9152,2018-06-26,M,cynthia72@example.com
3075531,Sheila,Ballard,001-233-605-7348,1988-12-03,F,scott21@example.net
5171194,Seth,Madden,5887583128,2008-10-12,M,marychambers@example.net
408562,Alison,Leblanc,350-260-7426x80408,1988-08-22,M,josephdavies@example.org
9197400,Mathew,Reid,(365)279-4408,2017-06-04,M,gillespieandrew@example.com
7369019,Shawna,Hamilton,+1-987-994-5718x73801,2010-11-10,M,tcoleman@example.net
385252,Isaiah,Rangel,624-487-4588x257,1978-12-11,M,stonejohn@example.org
707449,Sherri,Whitney,608.860.2050x96053,2025-01-12,M,xfoster@example.net
1259276,Miguel,Pollard,+1-893-797-6667,2005-04-12,F,tammywalton@example.org
5378767,Pam,Patrick,(460)892-5193x30348,2012-06-20,F,tarabrewer@example.com
123251,Ariana,Strickland,287-466-9427x654,1979-04-09,M,amanda80@example.com
9108190,Spencer,Pope,850.386.0432x8092,2006-04-17,F,pamelaquinn@example.org
1556098,Tyrone,Esparza,(830)552-0115,1973-02-02,F,thomas80@example.com
533937,Ana,Holt,997.223.0649x3610,1994-06-05,M,juliebullock@example.net
7106543,Dillon,Cisneros,(438)887-9520,2016-10-28,M,kimberly53@example.net
