supplier_id,email,phone,supplier_name,street,city,postcode
310378,harrischristine@example.net,+1-306-748-3186x0855,international,033 Gordon Causeway,Lisafurt,37676
4475609,christine30@example.org,369-257-5903x124,such,853 Mark Road Apt. 619,Port Adriana,96878
2688939,brian00@example.org,887-516-6423,skill,819 Mathis Burg Apt. 908,Smithhaven,08805
7704653,chasebecker@example.com,394.413.3172x592,week,7483 Young Burg,Quinnhaven,57682
7136659,pboyer@example.com,741.725.6852,enter,6942 Yvonne Causeway Apt. 688,Andersonton,35703
5670554,alexalong@example.org,702.244.0244x15299,born,77601 Carrie Forks Suite 917,New Christineview,53477
51524,matthew55@example.org,001-780-932-2779,word,62688 Castillo Lane,South Stacy,14563
8690430,laurenthornton@example.org,293.987.7719x587,my,2022 Williams Drive,Butlerview,50039
2065605,ladams@example.net,683.399.2288x01341,letter,9080 Ponce Views Suite 741,North Matthewton,62054
9292686,deanna30@example.net,391.713.2531x7682,us,430 Walker Parkways Suite 486,Jaredview,84742
650489,stanleyjessica@example.org,210.563.8939x05836,article,8232 Joshua Hill Suite 772,Port Anna,51560
6211955,cindybraun@example.net,001-665-429-8787x999,themselves,297 Hopkins Glens Apt. 358,Port Elizabeth,65627
7797748,ghall@example.net,494-614-7230x198,story,4649 Gordon Hill,South Alexander,13696
485778,rickysmith@example.com,001-708-274-6661x8693,amount,47770 Jennifer Creek,Lake Reginald,46376
5082187,rachelmartin@example.org,385-596-0620x696,leader,4359 White Heights,Montesview,61969
9109743,scottbeth@example.net,6484525129,white,035 Benson Tunnel,Colestad,71014
1757176,carol90@example.org,(429)653-5434x37126,medical,1026 Hector Pine,New Loriport,55530
8793275,rickyhooper@example.com,+1-623-585-4190x23206,bed,52815 Ashley Park,Barbarashire,65043
1624323,htate@example.net,001-330-522-9476x638,soldier,698 Scott Park Apt. 927,Meyermouth,32962
5866399,cindycalhoun@example.com,(731)888-0558,up,794 Blankenship Ford,North Shane,72405
8731670,ellenburgess@example.com,+1-942-480-1022x14043,effect,4686 Casey Meadow,Johnsonstad,13558
2210052,hunterrobinson@example.org,001-975-724-8563x35701,American,07374 Moore Court,Laurenborough,17972
9561330,singletonrachel@example.net,+1-454-237-8718x1862,until,848 Williams Isle,Lisaville,22774
1277209,thomaserin@example.net,738-696-4244,challenge,8027 Herrera Shoal,New Troy,86621
3774914,cynthia05@example.net,(374)423-0141x422,since,7237 Kim Groves,East Dana,49198
5931584,jermaine42@example.org,001-294-591-6814,list,328 Flores Avenue Apt. 153,Port Kimberly,08498
8281871,timothy06@example.com,001-580-401-9234x78268,or,431 Gregory Plains,Jacobchester,78508
8371826,qmathis@example.org,4384710771,people,1007 Michelle Summit,Joestad,66233
3302938,bergjose@example.com,502.667.8043,focus,68254 Dawson Stream Suite 811,New Kevinburgh,20793
2568468,cindy20@example.net,+1-955-249-6786x860,good,8574 Bailey Square,Glendahaven,40614
6558361,blackfrancis@example.org,(683)269-7582x822,watch,3233 Kathy Squares Apt. 923,East Darlenebury,60936
115922,edwardcalderon@example.com,823.900.1909x44190,which,412 Anthony Extensions Suite 836,West Hannah,95877
2623686,stephaniewhite@example.net,(675)704-8364x41351,herself,27311 Crawford Pines Suite 402,New Virginiaview,87137
9887374,qcharles@example.org,+1-451-372-7250x49231,second,229 Adrian Mills,Davisville,07298
2218250,randallmoon@example.com,703.511.2722x05942,often,0118 Adams Garden,New Rebeccaview,81952
5381684,zjones@example.net,8854321135,seem,3297 Waters Locks Suite 536,Robinsonmouth,88841
5391902,hamiltonmichelle@example.org,751.453.9706,move,344 Lynn Shores Apt. 609,Sharpshire,32985
4092538,aaronrose@example.net,580-431-6123x9755,between,8898 Gina Ranch,Smithview,41606
7469531,isaac75@example.com,(843)702-4704,nearly,4746 Jones Key,Ericberg,90104
7071444,martinezsharon@example.com,879-844-6919x3919,sometimes,523 Smith Estate,Mullinsview,09157
8035495,howardrobert@example.com,001-784-442-0424,business,4938 Bianca Roads Suite 018,North Lauren,18689
7985792,atanner@example.com,+1-951-568-6734x321,box,69792 Morales Spring,Jenkinsbury,31750
4501924,amandahernandez@example.org,001-631-670-6680,another,7944 Joshua Stravenue,West Laura,08518
4896458,greenjustin@example.net,848-395-4209x155,still,36157 Miller Forge,Lake Krystalmouth,23844
6158405,arnoldraymond@example.com,001-659-827-1884x983,task,017 Lawrence Via Apt. 038,North Meredithbury,23166
9917535,timothy96@example.net,+1-448-925-5807x07585,while,36274 David Summit,Port Maryport,67644
9561387,jennifernelson@example.net,(235)448-0376x461,author,02571 Rebecca Via Suite 187,Taylorton,92695
8650390,millerbrittney@example.com,(979)661-5352x19172,trial,102 Sarah Drive Apt. 156,Juliestad,97525
5668620,morganbeltran@example.com,001-870-570-4389x9857,available,136 Jones Villages Suite 299,North Adam,94638
9333571,gallowayandrew@example.com,(215)951-8456x2470,describe,164 Victor Tunnel,East Devinshire,49481
8606270,rodriguezeric@example.org,596.423.8933,reason,553 Kenneth Crossing,Randyton,21151
2836680,tim47@example.com,332.232.9612,try,946 Fernandez Crescent Apt. 877,Melissaton,64686
1707411,changcathy@example.org,656.580.7302,piece,0831 Baker Mission Suite 951,North Anthonymouth,97777
3669250,hblankenship@example.com,001-340-900-6400x84302,blue,648 Stephanie Forge,Lake Anthony,71018
7022190,hickssara@example.org,001-577-596-2772x46854,notice,97267 Rebekah Island,Holmesland,74998
2329740,cooperalexander@example.com,627.953.0237x18527,add,611 Rodriguez Via,West Stacyview,46097
3385449,karicervantes@example.com,001-825-762-9098x7586,mission,345 Jenkins Bridge,West Joshuaview,91442
2560323,seangordon@example.net,001-281-776-9296x602,firm,60722 Everett Overpass,Nicholaschester,94111
5392978,lfreeman@example.com,406.770.9508x20784,enough,51405 Smith Run,Darlenebury,36209
138728,lanesandra@example.net,9738961611,side,085 Karen Shore,New Christineside,39971
6783185,rspence@example.com,+1-217-578-2530x2199,onto,022 Edwards Union Suite 569,Lake Amandaburgh,70159
5231355,vherrera@example.org,+1-753-986-4730x348,quickly,81913 Heather Trafficway Apt. 310,Dakotamouth,31786
1674860,stevenmoore@example.com,001-454-318-3536,knowledge,314 Johnson Drive,West Brendanhaven,68991
1888930,mitchellmercado@example.com,+1-747-574-3219,animal,0268 Susan Flat Suite 452,Josephfurt,08522
8847607,kochangela@example.com,(827)452-1320,anyone,83340 Holly Mills,Ericview,27616
535790,dylan72@example.org,+1-945-659-1167x23387,discussion,18811 Campbell Ranch,Lake Matthewborough,26603
9282572,xwhite@example.org,(330)329-3255x939,miss,2989 Griffith Plaza Suite 281,East Zacharymouth,18906
9555936,tammy18@example.org,(751)636-0181x36661,dog,511 Paul Prairie Suite 112,New Ericport,83309
7773427,christopherguerrero@example.com,3994122181,finally,30584 Jeremy Village,Morganstad,27991
2476224,christine44@example.org,(630)324-4105x413,final,8091 Holmes Shores,Keithview,86172
7479216,jason22@example.net,411-678-0693x7764,water,9819 David Circles,East Jamesburgh,69884
5516639,danielle72@example.net,(805)936-6284x6353,outside,485 Kayla Cliff,Lake Lawrencehaven,82311
7057515,uhicks@example.com,(223)249-1139x7948,something,377 Kathryn Well,Lopezport,98334
74209,matthew46@example.com,9608848424,meeting,86786 Patrick Heights Suite 420,Port Jamesstad,28790
1376153,vkelly@example.org,339-906-8403x558,night,025 Sophia Estate,Deniseborough,97583
7794177,gonzalezmegan@example.com,347-909-8626x83587,face,052 Cox Street Apt. 538,Kelseytown,23323
4249277,philliphanson@example.org,+1-287-209-7221,home,600 Johnny Club,Port Stevenburgh,36018
6659134,donald33@example.net,(361)311-9592,finally,4116 Steven Circle,New Charles,93669
4623237,perezmelissa@example.org,8555847268,year,3468 Moore Wall Apt. 147,Christinaview,20805
8376815,williamshelen@example.com,428.849.2233,example,0901 White Ridges,East Sarahchester,07973
287205,kathrynramirez@example.com,(327)377-7374,window,5690 Castro Highway Suite 999,Port Michelle,38799
9617930,stonechristopher@example.com,649-768-7436x87458,form,32046 Villa Shores,Gillfurt,10309
7752237,nespinoza@example.net,798.589.4354,local,13200 Horn Courts,Gonzalesfurt,62867
6122542,maywilliam@example.org,214.795.0131,own,961 Joshua Station Suite 070,West Angela,53328
4830221,andrea76@example.com,8327545614,family,7248 Gerald Falls Apt. 708,South Veronica,18040
320020,antonio39@example.net,+1-638-645-0496,within,18132 Brian Estates,West Theodoreshire,40700
9644927,grichardson@example.com,(437)598-0836x6231,want,4640 Jacob Radial,Port Cynthiatown,27750
5270244,yroberts@example.org,001-227-556-2765x2341,daughter,97000 Kramer Greens,West Michael,54537
8962670,williammitchell@example.com,+1-214-714-1650x2644,actually,70948 Delgado Roads Apt. 449,Davenportfort,73551
1970065,mrodriguez@example.net,(350)885-7035x499,now,49525 David Course,Eddiemouth,17579
8714074,brittany83@example.org,(688)368-5765x036,air,37625 Morris Neck Suite 307,Nathanville,35164
9035177,benjaminwall@example.net,4924306651,east,96465 Keller Centers Apt. 873,Velezland,84293
2004392,johncarroll@example.com,819-539-4612x8590,message,03504 James Harbors,Port Christopher,87915
498903,pattersonmary@example.com,391.840.9964x053,traditional,727 Mackenzie Views Suite 616,New Stephen,63798
9700732,kristinaedwards@example.com,951-585-5322,instead,0681 Manning Springs Suite 657,Brennanchester,15417
4251309,jordanvictoria@example.com,681-815-2017,ten,2802 Choi Corner,East Maria,66453
4773523,alexandriahicks@example.net,(594)517-7338,administration,766 Teresa Square,West Rachelmouth,04437
9343797,simmonsgabrielle@example.net,+1-758-522-3569x475,its,551 Eric Ford Apt. 093,Rogersburgh,17545
1189172,wsmall@example.org,2877459500,reason,3526 Sarah Dale Suite 208,Maryhaven,36893
6245805,jenniferblevins@example.org,001-962-202-6163x114,region,94438 Andrew Port,Bryanton,89787
3047004,rachelmerritt@example.com,402.217.3824,dark,8968 Angie Ford,South Meganville,05136
7559317,taylorjose@example.org,549.912.4403x76251,up,3658 Melissa Corners,Melissachester,14157
7383901,tlopez@example.com,908-952-2483,able,551 Harrell Grove Apt. 578,New Jason,59332
4583867,nicolewhite@example.com,+1-826-323-0519x850,area,2516 Sullivan Walk,South Reginafurt,18497
9141466,vramsey@example.com,257-263-6687x14441,them,8588 Mary Groves,South Charles,35100
1040719,crichardson@example.net,2544759322,real,5245 Mark Underpass Suite 733,South Jameschester,12996
5860104,laurenjoyce@example.net,+1-933-589-6467x1256,government,2773 Jeffrey Ramp Suite 261,South Michaelport,84256
2827564,yking@example.net,973.288.2214x55831,difficult,90094 Gilbert Ranch,Patrickbury,92588
28180,jacob15@example.net,216.658.9641x989,office,5070 Moore Valley Apt. 139,Port Laurie,12669
534625,joshua41@example.org,(875)739-8514,decade,6759 Gamble Grove,Moodyhaven,82680
8354470,barrhaley@example.net,(701)360-0948x513,mouth,83803 Diamond Rest,East Connie,18078
701737,johnanderson@example.com,6096304900,increase,569 Alexander Square,Stuartmouth,36264
8112113,fletcherbrett@example.net,217-301-9715x18729,only,17013 Derek Turnpike,North Chad,98833
5271282,stevenhall@example.com,+1-937-811-3180,outside,0447 Simmons Cape,East Michael,85577
4453780,mcdanielhenry@example.net,+1-728-628-4591x229,power,7371 Trujillo Glens Suite 945,North Matthewview,64359
3610881,howardshelley@example.com,840.568.3763x7763,fire,35686 Conrad Inlet,South John,09681
154626,stephaniekline@example.net,+1-945-218-4691x2280,investment,368 Herrera Passage Suite 883,South Alanshire,38875
8929772,brian63@example.com,8662303022,stand,54955 Diaz Mountain,North Joyce,49025
7570240,pamela63@example.net,001-835-209-4161,risk,9471 Rachel Shoals,Lake Gerald,29148
167475,ylawrence@example.org,549-329-8970,operation,11294 Travis Crossroad,North Yvonneland,29770
5682962,salazarwendy@example.com,001-292-397-3979x52600,quality,5753 Jeremiah Cove,South Markmouth,76133
7279527,lreed@example.com,654-625-2051x13283,unit,8660 Lisa Village Suite 244,Lake Jeanettehaven,36010
3581421,lynnwolf@example.net,001-552-261-9478x1192,former,28764 Davis Harbor Apt. 417,East Jeffreyburgh,38274
5574169,sarahdixon@example.org,778-453-3457x9941,industry,14501 Joyce Roads,South Michael,18266
7045387,ljacobson@example.net,(816)547-3630x997,create,882 Petty Village Suite 818,Denisefurt,82103
8684964,fernandezrobert@example.org,(344)496-0914x273,simply,7297 Hebert Station Apt. 311,Bakerburgh,93003
8195779,ajohnson@example.net,001-962-726-7060,guess,5662 Holden Fields Suite 283,Russellfort,04608
4434934,jensentina@example.net,598-715-4002x589,focus,24728 Sandy Heights Apt. 363,Cruzberg,05024
6434370,jonesalexander@example.com,622.281.3043x5260,green,18612 Kimberly Crossroad,New Shaunborough,18568
7755095,williamsandrea@example.net,(563)555-2663x600,who,3715 Samantha Junction,North Kyliemouth,35534
8464509,collincummings@example.com,719-886-8875,road,4501 Daniel Crescent Apt. 244,New Samantha,19720
9923047,mhall@example.com,001-925-942-4086x709,view,177 Wyatt Keys Apt. 630,Lake Paige,64483
8168939,hannahrodriguez@example.org,001-416-512-6367x002,on,248 Martinez Court,Smithchester,71211
363512,michele60@example.com,227-827-8037,student,206 Brown Spur,West Randall,15192
1269771,candace58@example.net,368.497.8521x835,huge,9075 Jeffrey Knolls,West Jennifertown,93291
1723693,gailhughes@example.com,+1-954-596-6118x470,individual,6805 Jose Flats,East Danielchester,84251
5190412,normanjennifer@example.org,+1-269-591-3750,process,54901 Jessica Springs,New Jorge,71358
1585993,smoore@example.net,644.518.4836x844,position,0478 Tiffany Spurs,Valenciaport,01071
249664,james94@example.com,(201)644-0839,much,9754 Cody Mill,Jessemouth,69758
305300,brittanyriley@example.net,846.392.3130x772,economic,4732 Hernandez Harbor Apt. 937,Davidtown,08939
8336939,jenkinsrebecca@example.net,268-259-1570,experience,86993 Jennifer Light,Lake Sarahmouth,34233
7977316,charlespoole@example.com,(862)392-7929x08000,soon,876 Margaret Road,Sextonside,52940
1255221,reedtiffany@example.net,6552940680,machine,8060 Gerald Junctions,Johnport,66657
6543267,josephsmith@example.net,537-671-6909x809,contain,05991 Melissa Prairie Suite 470,North Meghanside,57581
2299000,haasmegan@example.org,(437)220-9093x891,these,43498 Timothy Springs,Millerville,28680
9020127,fisherrobert@example.net,944-558-1630,often,88847 Johnson Springs Suite 962,Hunttown,69561
88422,gonzalezjessica@example.net,001-321-267-0893x112,ball,87409 Costa Flats Apt. 141,Whitebury,05238
5904841,carterpaul@example.net,767.509.6784x495,third,8052 West Unions,Myersborough,00775
7668762,cheyenneprice@example.com,838.366.2698,particular,5784 Jamie Centers Suite 273,Leeborough,94141
2431601,edavis@example.net,808.699.3602x55706,candidate,32705 Sexton Mountains Apt. 005,North Nataliehaven,59497
8796242,andreflores@example.com,+1-695-381-2495x91607,still,682 Mcdonald Manor,South Paulmouth,03483
7636493,tammy85@example.com,869-940-9645x308,I,65032 Wiggins Greens,Port Julie,03594
9081202,rclark@example.org,(411)586-8211x5827,for,7146 Mills Rapid,Jameshaven,31131
3910174,morsejoe@example.com,812-429-8156x45344,interview,819 Kenneth Corner Suite 619,Jodytown,14515
5847754,emyers@example.net,967.687.4101x6407,act,7191 Conner Green Suite 604,North Rebecca,54701
7740834,matthew07@example.org,+1-451-295-1402,item,5945 Amy Rest Apt. 307,Scottborough,76399
5533051,nathaniel96@example.org,441-548-3637x568,both,002 Dwayne Causeway,Smithville,06176
7118016,beckysandoval@example.org,8337376737,rise,708 Chandler Walks,Port Shannonchester,59006
8559787,sdrake@example.com,001-228-475-8843x69803,set,663 Martinez Points Apt. 355,Edwardsville,04458
9000047,andrewgross@example.com,(936)612-8915,us,8513 Riddle Parkways,Maryhaven,73646
4128166,hallchase@example.net,+1-308-415-4238x500,notice,62828 Mckenzie Run,Port Lori,40266
9633505,john35@example.com,001-508-442-8709x013,form,736 Drew Road,Lewisport,57995
7862877,amandabecker@example.com,(876)799-0674,control,7432 Diane Court Apt. 278,Port Laura,22264
6293184,johnlopez@example.com,594-391-0467x5403,product,07262 Gutierrez Village,Sheilaburgh,57169
1275804,ygutierrez@example.com,+1-707-527-1460x83911,know,52968 Hammond Ville,New Dustin,95263
6102864,gthompson@example.org,9265914208,mean,329 Jones Flat,East Johnathanhaven,76061
1063369,kingpeter@example.org,492-223-7850x24007,admit,17547 Zavala Dam Suite 440,North Jenniferbury,10399
1787072,csutton@example.net,527.299.3278x6525,home,950 Cervantes Rapids,Mccannview,88119
4380150,yatesgabriel@example.com,(517)512-1986x502,local,41271 Edward Mount Apt. 512,Wyattstad,38338
9428167,hartalexandra@example.org,+1-634-688-7820x2958,age,003 Michael Vista Suite 454,East Patricia,05614
7262175,gcarroll@example.com,255.960.8644,something,211 Emma River,South Carmen,02542
1933424,nhood@example.com,001-844-736-9835,author,6948 Payne Rapids Apt. 087,East Robert,58581
5465988,bmullins@example.org,657.967.1605x484,tonight,3766 Olivia Highway,Geoffreyfurt,45607
2773898,xellis@example.org,+1-357-256-6760,write,47849 Harris Turnpike Apt. 750,Lake Henry,48593
648924,marie36@example.net,+1-665-302-8097x08225,toward,7416 Rocha Villages Apt. 437,East Katelyn,67337
7399270,mcconnellbenjamin@example.com,475-714-7041x7642,cup,8975 Reilly Road Apt. 494,Port Shane,48493
2268931,julie57@example.com,832-521-1596x6487,pay,1082 Chen Locks,Amandamouth,97685
9517697,adrian11@example.net,247.788.5424,education,7965 Lauren Bridge Apt. 579,Garyberg,54180
7083193,imyers@example.org,2198899569,again,783 Miller Forges,Port Jason,01173
4384316,kellerreginald@example.net,4509454105,end,61040 Christopher Locks,Patriciaport,61343
3854117,mmartin@example.com,394-612-0089x241,prepare,652 Mike Fort Apt. 200,Maddenland,87372
5143613,alicia87@example.com,2139123388,class,77648 Fernandez Unions Suite 618,Hillburgh,53975
7348787,rebeccamorgan@example.net,745.497.3239,want,7110 Smith Branch Apt. 996,Johnsonhaven,08305
7199045,serranonichole@example.com,891.929.4975x813,Democrat,283 Adam Corner,Lake Hannahview,61778
4740479,erica41@example.com,+1-565-396-7001,build,47498 Brown Valleys,Erinborough,66037
7540065,sandra16@example.net,796.264.4143,suddenly,5472 Collier Flat,South Bradberg,32873
5139935,susanstanton@example.net,225.426.2096x9523,bring,945 David Views Apt. 054,Hollyton,52286
1441746,hermankyle@example.net,596-227-0454x245,property,0093 Holder Loop,Lake James,52371
6614433,travis72@example.org,(629)977-7423x1433,buy,068 Lopez Wells Apt. 279,Lake Erica,27913
4326624,gabriel60@example.com,(543)365-7310x2929,stuff,8975 Guzman Estates,Richardtown,89675
8755577,garzamark@example.org,721.486.7889x0120,certain,05282 Daisy Walk Suite 593,Avilaville,18136
4969078,smalllaura@example.org,(434)392-8945,wish,306 Clark Radial Apt. 550,Langborough,26561
2666158,thomas66@example.net,438-641-8997,home,899 Henderson Oval Apt. 623,Port Brittanyhaven,61732
3653608,thompsoncatherine@example.org,347.959.2032,finally,693 Matthew Ridge,Port David,93446
9672630,james48@example.net,001-934-423-6346,city,48981 Ross Branch,East Stephanieberg,36225
3213102,ialvarado@example.com,278-560-9481x612,policy,13737 Parker Flat Apt. 864,South Madeline,81118
3493336,meyerpaula@example.com,(706)499-6910,enjoy,5578 Cunningham Dale,Richardland,93625
8512928,campbellsean@example.com,8698378300,newspaper,9945 Steven Station,Port Christineview,54692
1576029,wfox@example.com,001-697-992-1719x88190,there,172 Rogers Loop Apt. 032,Brianstad,22765
738190,tammieturner@example.org,229.986.1430,husband,0129 Brianna Squares,Leahfurt,98745
4677197,tyler87@example.net,(905)338-5122x10880,soldier,23098 Kenneth Pass Suite 016,Sarahbury,73296
4765483,owagner@example.org,8308041607,cold,208 Smith Island,South Julieside,71041
6709056,tasha11@example.org,265.750.9324,form,38676 Alfred Alley Suite 205,Glendaside,51142
6987423,evansmichelle@example.net,(448)646-8903x371,fact,3869 Miranda Valley,South Heather,68375
3491964,janet23@example.org,001-702-438-2363x9373,yard,066 Bell Lakes Suite 940,Lake Annetown,60859
3372156,lellis@example.com,457-717-1888x89310,wrong,11969 Anthony Bridge Suite 448,West Monica,79716
8596172,hannahthompson@example.net,+1-512-889-1930x65625,ahead,786 Mendoza Village,West Taraview,00889
3284392,sanderselizabeth@example.org,434-733-5960x78302,focus,897 Melissa Run,Kathyport,14206
7335951,vrivera@example.com,505.679.8799x63618,stock,5536 Kevin Valley Suite 482,East Elizabeth,75569
5697346,tim57@example.com,001-371-245-5299x1069,degree,9187 Brittany Well Apt. 877,South Danielside,83092
6006995,crystalallen@example.net,471.296.4342x953,case,29204 Dawn Route,Amandaview,46179
9150072,andersonveronica@example.com,+1-553-920-2521x1751,student,552 Anderson Cliffs Apt. 025,East Paulburgh,37652
524106,belltina@example.com,277.582.6328x7457,arrive,61308 Aguilar Creek,Amandamouth,17433
7035780,larry44@example.org,7902912756,book,358 Ryan Burg,Piercehaven,17726
1113638,sjohnson@example.net,001-643-371-6672,of,93623 James Springs,Michaelchester,29857
7365552,mitchell30@example.com,764-536-6429,another,6470 Stephen Oval Suite 727,Dalebury,80695
652543,nicholas32@example.org,(979)917-5084,network,28707 Michael Viaduct Apt. 791,Hannahborough,01513
1212544,courtney64@example.org,9682312917,plant,49128 Jonathan Neck Suite 203,Scotttown,00604
7379471,kkirk@example.com,504.206.6245x53321,girl,332 Brian Falls,Scottton,20342
4354847,eric91@example.org,560-989-2792x059,stand,245 Graham Haven Suite 209,Rileyton,96631
6806694,morgan88@example.org,(569)639-7775x8774,return,5447 Amber Way Suite 699,Amandamouth,81028
4603177,stephanie94@example.net,910-715-4105x4032,performance,1298 Maria Inlet,Dawnstad,29473
7732737,jermaine72@example.com,(369)778-6071x2369,view,63111 Johnson Garden,Vasquezview,16364
594486,wilsoncathy@example.com,253-896-1842x1555,Republican,520 Ryan Rue,Tiffanyland,85174
9160494,nicolecummings@example.org,(256)875-6008,site,8244 Joanne Point Apt. 285,South Christopherburgh,43377
5095384,richrichard@example.org,001-905-911-5651,close,82515 Brown Forest Apt. 413,Hamiltonview,97920
9040652,ychandler@example.net,808-745-0730x45525,camera,6442 Smith Crest Suite 062,Lake Robertchester,97052
4867822,pamelaedwards@example.net,(773)258-9772,debate,90073 Holly Gardens Suite 112,South Bettyland,31071
1888306,daniel05@example.com,001-202-702-4321x153,dog,19829 Phillips Track,North Patrick,67619
5535520,elizabeth23@example.com,392.569.8588x838,moment,853 Michael Valley Apt. 483,South Aprilside,40595
4917460,williampatton@example.net,(214)994-1544,lose,41940 Andrew Shoal,Lake Kennethmouth,91043
8755064,bakerjohn@example.org,(426)937-2848x4164,artist,88809 Johnson Tunnel Apt. 699,South Debbiemouth,06839
8871165,paul95@example.org,8224378052,animal,376 Joshua Walks Suite 379,Rhondabury,02661
9244801,amandapatterson@example.com,(669)231-3584x531,toward,6473 Rodriguez Causeway,Davidside,33317
2588328,jgonzalez@example.net,+1-515-816-2927x6470,speak,0116 Sutton Orchard Apt. 986,Reynoldsstad,38348
4773258,lstewart@example.com,+1-368-912-4856x978,trouble,0437 Christopher Causeway Suite 859,Jasonberg,32706
2427343,penalauren@example.com,766.782.3876x15242,condition,0305 Mitchell Motorway Suite 020,South Willieport,10185
7493388,john09@example.com,990-530-1962x4133,else,9890 Rodriguez Meadows,Port Rubenland,18364
1319006,pwashington@example.org,998.820.4655x65657,cultural,73678 Eric Meadows,West Susan,27754
8695387,jessicarodriguez@example.org,(882)903-8331x5947,story,981 Judy Estate Suite 218,West Matthewborough,45279
6901894,cookgrace@example.org,+1-807-786-1928x66478,list,931 Michelle Mountain,North Kimberly,15493
2983326,hughesmelissa@example.net,(699)349-7312,part,320 Miller Valleys,New Benjaminburgh,53516
3932229,mcintoshmaureen@example.org,820-497-7443x708,agree,766 Singh Street Suite 911,North Martin,91873
7916862,kcox@example.org,4344925772,at,347 Buchanan Course,Bergershire,43704
4529564,shortkerri@example.com,001-394-721-7480x52715,kid,049 Martin Highway,South Williammouth,63563
4791128,elizabeth32@example.com,897-290-9548x3252,director,47285 Hines Island,Michaelland,05057
4075077,patricksampson@example.com,4918308604,wear,24831 Schaefer Wall Suite 787,Port Desireeland,13059
8885769,walkerrichard@example.net,(457)269-1947x197,similar,147 Wayne Ramp,Montgomeryberg,99100
8133064,brandonrogers@example.org,630-812-5308x3689,smile,5955 Parker Trail Suite 628,Lake Aaron,36772
7858014,zbennett@example.net,8996321072,religious,394 James Pike,Waretown,88296
